S.N,BUSINESS_DATE,SECURITY_ID,SYMBOL,SECURITY_NAME,OPEN_PRICE,HIGH_PRICE,LOW_PRICE,CLOSE_PRICE,TOTAL_TRADED_QUANTITY,TOTAL_TRADED_VALUE,PREVIOUS_DAY_CLOSE_PRICE,FIFTY_TWO_WEEKS_HIGH,FIFTY_TWO_WEEKS_LOW,LAST_UPDATED_TIME,LAST_UPDATED_PRICE,TOTAL_TRADES,AVERAGE_TRADED_PRICE,MARKET_CAPITALIZATION
1,2023-03-20,359,SRBL,Sunrise Bank Limited,183.0000,184.6000,181.0000,182.9000,7956,1447910.6000,183.0000,272.0000,177.1000,2023-03-20T14:58:40.814528,182.9000,71,181.98,18507.46
2,2023-03-20,360,AHPC,Arun Valley Hydropower Development Co. Ltd.,300.0000,304.8000,299.0000,304.0000,39688,11999292.1000,299.0000,525.0000,250.0000,2023-03-20T14:59:49.136004,304.0000,161,302.34,5678.61
3,2023-03-20,473,SHINE,Shine Resunga Development Bank Ltd.,334.0000,336.0000,332.0000,335.9000,12577,4194422.5000,331.7000,424.0000,255.1000,2023-03-20T14:59:44.703430,335.9000,93,333.49,14389.56
4,2023-03-20,490,FMDBL,First Micro Finance Laghubitta Bittiya Sanstha Limited,540.0000,548.0000,535.0000,544.0000,5486,2958657.4000,531.1000,835.0000,530.1000,2023-03-20T14:59:46.839217,544.0000,75,539.31,6243.74
5,2023-03-20,2742,HIDCL,Hydorelectricity Investment and Development Company Ltd,196.0000,199.6000,195.0000,199.0000,53938,10669885.4000,196.0000,308.0000,159.8000,2023-03-20T14:59:58.759178,199.0000,339,197.81,43206.85
6,2023-03-20,2770,SEF,Siddhartha Equity Fund,8.0000,8.0000,7.9000,7.9000,500,3970.0000,7.9000,11.2500,7.6900,2023-03-20T14:59:59.176176,7.9000,3,7.94,
7,2023-03-20,2813,PPCL,Panchthar Power Compant Limited,348.5000,359.0000,348.4000,359.0000,7358,2607787.2000,354.9000,444.9000,230.0000,2023-03-20T14:59:40.361503,359.0000,50,354.41,3455.38
8,2023-03-20,2824,HURJA,Himalaya Urja Bikas Company Limited,365.0000,365.0000,360.0000,360.0000,6922,2494904.0000,363.0000,483.0000,190.5000,2023-03-20T14:59:08.707538,360.0000,37,360.43,3564.00
9,2023-03-20,2835,NBF2,NABIL BALANCED FUND-2,8.0000,8.0000,7.9000,8.0000,10300,82380.0000,7.8600,11.2000,7.4500,2023-03-20T14:59:59.467997,8.0000,12,7.99,
10,2023-03-20,2860,SAPDBL,Saptakoshi Development Bank Ltd,251.0000,252.0000,245.0000,252.0000,6195,1536016.8000,247.9000,360.9000,178.1000,2023-03-20T14:59:49.866843,252.0000,44,247.94,2102.53
11,2023-03-20,2862,CMF2,CITIZENS MUTUAL FUND 2,7.8400,7.8400,7.8400,7.8400,200,1568.0000,8.0000,10.7600,7.2400,2023-03-20T11:26:10.114616,7.8400,1,7.84,
12,2023-03-20,2898,NRN,NRN Infrastructure and Development Limited,448.1000,468.8000,448.1000,468.8000,3710,1716929.9000,457.0000,718.8000,385.0000,2023-03-20T14:59:42.666816,468.8000,71,462.78,5734.42
13,2023-03-20,2925,MLBSL,Mahila Lagubitta Bittiya Sanstha Limited ,2139.0000,2139.0000,2100.0000,2120.0000,942,1987119.5000,2100.0000,4329.6000,2100.0000,2023-03-20T14:58:12.662889,2120.0000,35,2109.46,4612.32
14,2023-03-20,4968,RMF1,RBB Mutual Fund 1,7.5000,7.6500,7.5000,7.5600,5850,44264.0000,7.5800,9.2700,7.0400,2023-03-20T14:57:02.903022,7.5600,9,7.56,
15,2023-03-20,8021,SAHAS,Sahas Urja Limited,534.0000,558.0000,534.0000,555.0000,14534,7920015.1000,538.0000,656.0000,377.5000,2023-03-20T14:59:59.332094,555.0000,343,544.93,19425.00
16,2023-03-20,8122,PPL,People's Power Limited,313.0000,313.8000,306.8000,312.5000,11730,3638650.0000,307.9000,336.0000,190.0000,2023-03-20T14:59:55.787185,312.5000,310,310.20,1976.88
17,2023-03-20,8128,KLBS,Khaptad Laghubitta Bittiya Sanstha Limited,979.0000,998.0000,960.0000,998.0000,235,228513.0000,998.5000,1870.0000,303.2000,2023-03-20T14:40:23.573100,998.0000,16,972.39,399.20
18,2023-03-20,9147,SPL,Shuvam Power Limited,565.0000,610.9000,534.4000,590.0000,20723,12220973.8000,567.6000,610.9000,265.0000,2023-03-20T14:59:59.125313,590.0000,1275,589.72,1180.00
19,2023-03-20,189,PICL,Prudential Insurance Co. Ltd.,400.0000,400.0000,395.0000,400.0000,8151,3229208.0000,399.0000,732.0000,328.3000,2023-03-20T14:59:45.394838,400.0000,48,396.17,4902.34
20,2023-03-20,235,HDL,Himalayan Distillery Limited,1975.0000,2000.0000,1965.0000,1998.0000,17248,34262820.7000,1975.0000,4323.0000,1965.0000,2023-03-20T14:59:55.335309,1998.0000,578,1986.48,48542.74
21,2023-03-20,263,GMFIL,Guheshowori Merchant Bank & Finance Co. Ltd.,329.0000,329.8000,325.0000,327.0000,2010,656897.5000,327.0000,431.9000,223.9000,2023-03-20T14:58:03.311151,327.0000,22,326.81,3309.82
22,2023-03-20,393,PLIC,Prime Life Insurance Company Limited,407.9000,409.0000,401.4000,408.0000,3485,1415166.8000,401.0000,801.0000,400.0000,2023-03-20T14:59:55.173294,408.0000,51,406.07,12815.14
23,2023-03-20,493,CZBILP,Citizens Bank Internatioal Limited Promoter Share,100.0000,100.0000,100.0000,100.0000,585271,58527100.0000,100.0000,153.0000,100.0000,2023-03-20T13:08:47.728963,100.0000,5,100.00,
24,2023-03-20,545,SLBBL,Swarojgar Laghu Bitta Bikas Bank Ltd.,606.0000,610.0000,598.0000,601.0000,2186,1318924.7000,602.1000,1115.0000,598.0000,2023-03-20T14:59:57.732133,601.0000,38,603.35,3769.48
25,2023-03-20,561,SINDU,Sindhu Bikash Bank Ltd,261.3000,268.2000,261.3000,268.2000,3605,958854.5000,263.0000,404.9000,220.6000,2023-03-20T14:59:08.486542,268.2000,22,265.97,1495.10
26,2023-03-20,591,SHPC,Sanima Mai Hydropower Ltd.,323.7000,329.0000,319.6000,329.0000,76905,24905955.6000,319.0000,416.9000,250.0000,2023-03-20T14:59:55.679001,329.0000,293,323.85,10163.64
27,2023-03-20,2760,UMHL,United Modi Hydropower Ltd.,278.4000,278.4000,271.5000,277.6000,25365,6980677.7000,273.0000,384.0000,192.1000,2023-03-20T14:59:35.701232,277.6000,155,275.20,3192.40
28,2023-03-20,2781,WNLB,Wean Nepal Laghubitta Bittiya Sanstha Limited,820.0000,820.0000,800.0000,800.0000,320,258470.5000,834.0000,1510.0000,800.0000,2023-03-20T14:58:03.963386,800.0000,10,807.72,633.64
29,2023-03-20,2896,SDLBSL,Sadhana Laghubitta Bittiya Sanstha Limited,657.0000,688.5000,657.0000,678.0000,132,88785.1000,668.0000,1305.6000,650.0000,2023-03-20T14:58:01.939453,678.0000,11,672.61,2591.71
30,2023-03-20,2923,SLCF,Sanima Large Cap Fund,7.0600,7.2300,7.0600,7.1600,1800,12791.0000,7.0900,9.5000,6.9000,2023-03-20T14:59:53.770654,7.1600,8,7.10,
31,2023-03-20,5982,SLI,Sanima Life Insurance Limited,398.1000,405.0000,393.0000,402.0000,4191,1681089.0000,403.0000,651.2000,311.5000,2023-03-20T14:59:58.466805,402.0000,230,401.11,8377.68
32,2023-03-20,8005,MKJC,Mailung Khola Jal Vidhyut Company Limited,438.9000,455.0000,438.7000,453.0000,2280,1025771.0000,446.9000,695.0000,372.6000,2023-03-20T14:59:41.255068,453.0000,38,449.89,1667.69
33,2023-03-20,8063,ULBSL,Upakar Laghubitta Bittiya Sanstha Limited,1610.0000,1640.0000,1595.0000,1625.0000,832,1343581.5000,1580.2000,3951.4000,1211.0000,2023-03-20T14:59:52.345933,1625.0000,36,1614.88,1724.91
34,2023-03-20,8071,ADLB,Adarsha Laghubitta Bittiya Sanstha Limited,1366.8000,1366.8000,1315.1000,1342.0000,235,313334.5000,1340.0000,2705.0000,256.8000,2023-03-20T14:59:10.521550,1342.0000,15,1333.33,333.35
35,2023-03-20,8123,DLBS,Dhaulagiri Laghubitta Bittiya Sanstha Limited,813.0000,846.6000,805.0000,846.6000,1054,858559.5000,828.2000,1662.0000,177.7000,2023-03-20T14:58:31.973346,846.6000,41,814.57,872.84
36,2023-03-20,131,NABIL,Nabil Bank Limited,607.0000,613.7000,606.5000,613.0000,51889,31589859.2000,606.0000,1075.0000,605.0000,2023-03-20T14:59:57.799101,613.0000,692,608.79,165859.40
37,2023-03-20,153,BPCL,Butwal Power Company Limited,325.0000,325.0000,319.0000,324.9000,3975,1282171.3000,319.0000,424.0000,288.0000,2023-03-20T14:59:37.718329,324.9000,74,322.55,11076.05
38,2023-03-20,172,NABBC,Narayani Development Bank Limited,419.7000,419.7000,405.0000,416.0000,3555,1441608.0000,413.1000,555.0000,317.7000,2023-03-20T14:56:47.037180,416.0000,12,405.51,1091.87
39,2023-03-20,176,NICL,Nepal Insurance Co. Ltd.,523.0000,524.9000,516.0000,522.0000,8754,4557195.5000,516.0000,934.0000,385.1000,2023-03-20T14:59:59.264820,522.0000,69,520.58,7802.68
40,2023-03-20,180,UIC,United Insurance Co. (Nepal) Ltd.,431.0000,439.0000,423.0000,437.9000,4150,1791956.5000,430.9000,725.0000,325.0000,2023-03-20T14:58:46.378292,437.9000,39,431.79,4727.43
41,2023-03-20,238,NMB,NMB Bank Limited,221.0000,224.0000,220.0000,222.0000,26799,5962842.8000,220.9000,320.0000,217.9000,2023-03-20T14:59:30.957181,222.0000,120,222.50,40774.09
42,2023-03-20,428,KRBL,Karnali Development Bank Limited,274.0000,274.5000,268.6000,273.9000,10896,2953716.8000,269.4000,435.0000,198.9000,2023-03-20T14:59:37.671732,273.9000,47,271.08,1451.70
43,2023-03-20,450,CORBL,Corporate Development Bank Limited,308.0000,314.0000,305.0000,308.8000,495,151570.5000,302.0000,575.0000,211.3000,2023-03-20T14:56:32.494823,308.8000,13,306.20,1621.20
44,2023-03-20,601,MLBBL,Mithila LaghuBitta Bittiya Sanstha Limited,759.8000,774.9000,740.0000,740.0000,237,176810.6000,745.0000,1605.0000,740.0000,2023-03-20T14:58:45.651779,740.0000,8,746.03,1450.42
45,2023-03-20,610,RIDI,Ridi Power Company Limited,348.0000,353.0000,343.1000,352.0000,27917,9760355.4000,342.0000,838.0000,334.7000,2023-03-20T14:59:50.331781,352.0000,181,349.62,5452.13
46,2023-03-20,694,KLBSL,Kisan Lagubitta Bittiya Sanstha Limited,679.7000,700.0000,653.1000,690.0000,240,161226.8000,666.4000,1590.0000,646.8000,2023-03-20T14:59:51.888411,690.0000,13,671.77,3252.46
47,2023-03-20,1741,MERO,Mero Microfinance Bittiya Sanstha Ltd.,565.0000,565.0000,554.0000,561.0000,2678,1501378.9000,556.1000,1081.0000,554.0000,2023-03-20T14:59:23.646746,561.0000,46,560.63,7405.20
48,2023-03-20,2748,RSDC,RSDC Laghubitta Bittiya Sanstha Ltd.,498.0000,502.0000,493.0000,500.0000,1385,691768.0000,492.0000,728.2000,450.0000,2023-03-20T14:41:17.875302,500.0000,29,499.47,4347.84
49,2023-03-20,2766,CHL,Chhyangdi Hydropower Ltd.,320.0000,333.0000,320.0000,333.0000,22914,7537555.4000,319.1000,475.0000,193.1000,2023-03-20T14:59:57.591916,333.0000,87,328.94,1288.64
50,2023-03-20,2771,SMB,Support Microfinance Bittiya Sanstha Ltd.,969.9000,969.9000,900.0000,900.0000,129,120124.0000,951.0000,1840.0000,900.0000,2023-03-20T14:55:11.819192,900.0000,11,931.19,857.14
51,2023-03-20,2786,PMHPL,Panchakanya Mai Hydropower Ltd,250.0000,251.0000,246.1000,251.0000,3745,937465.2000,247.9000,349.8000,168.0000,2023-03-20T14:59:58.386256,251.0000,35,250.32,2761.00
52,2023-03-20,2789,JOSHI,Joshi Hydropower Development Company Ltd,273.4000,279.0000,273.4000,277.0000,26124,7223087.5000,278.9000,318.0000,164.8000,2023-03-20T14:59:59.188155,277.0000,133,276.49,1028.78
53,2023-03-20,2903,LEC,Liberty Energy Company Limited,282.0000,289.8000,281.0000,285.5000,7544,2167325.1000,287.0000,382.0000,203.0000,2023-03-20T14:59:45.522107,285.5000,87,287.29,4282.50
54,2023-03-20,2913,MEN,Mountain Energy Nepal Limited,750.0000,790.0000,750.0000,765.0000,2987,2330605.0000,758.0000,1135.0000,692.0000,2023-03-20T14:59:47.958010,765.0000,52,780.24,15055.41
55,2023-03-20,2917,CGH,Chandragiri Hills Limited,1132.0000,1185.0000,1131.0000,1180.0000,1810,2122121.0000,1148.0000,1487.0000,900.2000,2023-03-20T14:59:54.779242,1180.0000,64,1172.44,18102.27
56,2023-03-20,2933,KEF,Kumari Equity Fund,7.8200,7.9400,7.7800,7.9400,1670,13039.5000,7.8200,10.0700,7.7300,2023-03-20T14:58:34.437094,7.9400,8,7.80,
57,2023-03-20,8036,RULB,Rastra Utthan Laghubitta Sanstha Limited,660.0000,669.0000,647.1000,669.0000,1282,837778.7000,659.0000,1931.7000,625.9000,2023-03-20T14:58:51.052941,669.0000,42,653.49,1739.40
58,2023-03-20,8106,GIBF1,Global IME Balanced Fund-1,7.9000,8.0000,7.9000,7.9100,500,3961.0000,8.0500,10.0000,7.5500,2023-03-20T14:48:53.954332,7.9100,5,7.92,
59,2023-03-20,8110,SBID83,10.25% Nepal SBI Bank Debenture 2083,910.0000,920.0000,910.0000,920.0000,250,228950.0000,910.0000,1000.0000,851.0000,2023-03-20T14:46:13.818621,920.0000,4,915.80,
60,2023-03-20,132,NIMB,Nepal Investment Mega Bank Limited,192.0000,194.0000,190.2000,191.4000,41833,8025938.1000,190.9000,408.4900,189.7000,2023-03-20T14:59:49.730243,191.4000,308,191.85,65322.13
61,2023-03-20,134,HBL,Himalayan Bank Limited,233.0000,240.0000,233.0000,239.0000,36318,8637632.4000,236.0000,398.7500,225.7000,2023-03-20T14:59:53.996448,239.0000,199,237.83,51759.31
62,2023-03-20,139,NICA,NIC Asia Bank Ltd.,749.0000,749.0000,731.1000,738.0000,84134,61995922.8000,742.0000,861.9000,600.3000,2023-03-20T14:59:53.353483,738.0000,667,736.87,85342.36
63,2023-03-20,154,CHCL,Chilime Hydropower Company Limited,466.0000,479.0000,466.0000,479.0000,27743,13119954.8000,469.0000,504.1000,347.9000,2023-03-20T14:59:57.344253,479.0000,188,472.91,34766.68
64,2023-03-20,338,PROFL,Progressive Finance Limited,335.0000,339.0000,328.3000,331.0000,4639,1537592.8000,330.9000,389.9000,192.0000,2023-03-20T14:59:56.161559,331.0000,47,331.44,2833.71
65,2023-03-20,348,CZBIL,Citizens Bank International Limited,179.0000,181.0000,179.0000,180.0000,31291,5628548.5000,179.0000,278.0000,175.0000,2023-03-20T14:59:49.794698,180.0000,152,179.87,25561.75
66,2023-03-20,358,LBBL,Lumbini Bikas Bank Ltd.,335.0000,335.0000,330.0000,334.5000,10328,3432089.1000,329.1000,503.0000,290.1000,2023-03-20T14:59:23.672453,334.5000,63,332.30,11315.54
67,2023-03-20,401,MLBL,Mahalaxmi Bikas Bank Ltd.,314.0000,317.0000,313.0000,316.0000,14520,4571917.7000,310.3000,485.0000,297.0000,2023-03-20T14:59:44.846902,316.0000,96,314.87,13181.37
68,2023-03-20,403,SJLIC,SuryaJyoti Life Insurance Company Limited,444.2000,455.0000,444.2000,448.1000,17402,7805998.1000,444.1000,806.5000,351.0000,2023-03-20T14:59:59.960128,448.1000,208,448.56,20368.71
69,2023-03-20,583,GBLBS,Grameen Bikas Laghubitta Bittiya Sanstha Ltd.,488.9000,491.0000,474.4000,491.0000,2095,1010223.0000,484.0000,957.0000,465.0000,2023-03-20T14:59:58.576376,491.0000,52,482.20,4824.07
70,2023-03-20,592,NSLB,Naya Sarathi Laghubitta Bittiya Sanstha Limited,691.6000,722.9000,691.6000,720.0000,4335,3069348.4000,678.1000,1365.0000,676.0000,2023-03-20T14:59:16.740939,720.0000,79,708.03,2184.45
71,2023-03-20,705,GILB,Global IME Laghubitta Bittiya Sanstha Ltd.,754.0000,754.0000,727.1000,740.1000,1371,1013280.0000,741.0000,1652.4000,727.1000,2023-03-20T14:59:12.150195,740.1000,37,739.08,4580.48
72,2023-03-20,2753,NEF,Nabil Equity Fund,8.7500,8.7500,8.6500,8.7500,20140,174955.0000,8.7700,11.2500,7.7500,2023-03-20T14:40:44.092658,8.7500,7,8.68,
73,2023-03-20,2759,SPDL,Synergy Power Development Ltd.,311.9000,314.0000,308.4000,314.0000,10490,3276399.0000,308.4000,474.0000,234.0000,2023-03-20T14:59:55.924112,314.0000,68,312.33,2532.65
74,2023-03-20,2780,CMF1,Citizens Mutual Fund -1,7.2400,7.3800,7.2400,7.3800,10100,74524.0000,7.3800,10.0000,6.7500,2023-03-20T12:09:36.443646,7.3800,3,7.37,
75,2023-03-20,2788,AKJCL,Ankhu Khola Jalvidhyut Company Ltd,229.9000,230.9000,226.0000,230.5000,35381,8119235.2000,227.0000,310.0000,159.8000,2023-03-20T14:59:59.956599,230.5000,181,229.48,1844.00
76,2023-03-20,2815,GMFBS,Ganapati Laghubitta Bittiya Sanstha Limited,731.0000,774.1000,731.0000,755.0000,279,212482.4000,731.0000,1225.0000,706.0000,2023-03-20T13:24:56.806060,755.0000,13,761.58,1144.24
77,2023-03-20,2842,SJCL,SANJEN JALAVIDHYUT COMPANY LIMITED,302.0000,313.0000,302.0000,313.0000,14004,4332719.5000,306.0000,381.0000,210.0000,2023-03-20T14:58:44.838526,313.0000,140,309.39,10282.05
78,2023-03-20,2902,LUK,Laxmi Unnati Kosh,7.8000,7.9600,7.8000,7.9000,17300,136010.0000,7.7900,10.5000,7.5200,2023-03-20T13:27:42.845327,7.9000,9,7.86,
79,2023-03-20,2907,SSHL,Shiva Shree Hydropower Ltd,228.1000,236.8000,228.1000,235.9000,55171,12954490.8000,231.0000,376.0000,155.1000,2023-03-20T14:59:55.681999,235.9000,210,234.80,3482.83
80,2023-03-20,2919,NIFRA,Nepal Infrastructure Bank Limited,217.5000,222.5000,217.0000,222.5000,61282,13487465.0000,219.0000,360.0000,176.9000,2023-03-20T14:59:38.184475,222.5000,654,220.08,48060.00
81,2023-03-20,2924,GLH,GreenLife Hydropower Limited,294.3000,306.0000,294.3000,305.5000,6264,1900218.9000,298.0000,511.0000,219.0000,2023-03-20T14:59:54.328556,305.5000,89,303.35,5499.00
82,2023-03-20,4951,JBLB,Jeevan Bikas Laghubitta  Bittya Sanstha Ltd,1830.0000,1855.0000,1795.1000,1798.0000,7906,14338912.1000,1830.0000,5260.0000,1795.1000,2023-03-20T14:59:30.706558,1798.0000,318,1813.67,18596.35
83,2023-03-20,4955,MKLB,Manakamana Smart Laghubitta Bittiya Sanstha Limited,718.0000,761.0000,712.0000,724.9000,506,362931.8000,731.9000,1305.0000,702.0000,2023-03-20T14:59:08.473047,724.9000,31,717.25,1076.32
84,2023-03-20,8108,RHGCL,Rapti Hydro And General Construction Limited,338.0000,347.3000,338.0000,347.3000,21798,7439845.0000,344.0000,406.0000,191.6000,2023-03-20T14:59:58.020828,347.3000,235,341.30,2128.23
85,2023-03-20,8126,SIKLES,Sikles Hydropower Limited,456.5000,469.0000,455.0000,469.0000,3752,1727136.9000,459.0000,510.0000,315.5000,2023-03-20T14:59:43.062430,469.0000,144,460.32,3986.50
86,2023-03-20,142,KBL,Kumari Bank Limited,179.0000,179.0000,175.7000,178.9000,65466,11584645.6000,178.0000,243.0000,175.0000,2023-03-20T14:59:58.333230,178.9000,308,176.95,46918.07
87,2023-03-20,164,CBBL,Chhimek Laghubitta Bittiya Sanstha Limited,785.0000,798.0000,783.2000,785.0000,9695,7618172.7000,787.0000,1303.0000,783.2000,2023-03-20T14:59:45.410562,785.0000,182,785.78,22257.91
88,2023-03-20,166,DDBL,Deprosc Laghubitta Bittiya Sanstha Limited,685.0000,690.0000,671.3000,687.9000,4461,3025626.4000,685.0000,1199.0000,668.0000,2023-03-20T14:59:20.656636,687.9000,95,678.23,10499.06
89,2023-03-20,184,PRIN,Prabhu Insurance Ltd.,476.0000,482.0000,472.5000,482.0000,5905,2808229.5000,473.0000,893.0000,378.0000,2023-03-20T14:58:24.713900,482.0000,39,475.56,6632.91
90,2023-03-20,194,NFS,Nepal Finance Ltd.,302.0000,305.0000,300.7000,304.8000,12709,3844933.5000,298.5000,687.0000,213.3000,2023-03-20T14:59:59.010464,304.8000,82,302.53,2557.10
91,2023-03-20,341,GBIME,Global IME Bank Limited,189.7000,189.9000,186.5000,188.1000,65565,12327466.1000,187.0000,326.0000,183.8000,2023-03-20T14:59:23.940139,188.1000,472,188.01,67285.36
92,2023-03-20,385,ALICL,Asian Life Insurance Co. Limited,625.0000,632.4000,620.0000,631.0000,6455,4055907.1000,617.1000,1007.7000,428.0000,2023-03-20T14:56:44.317357,631.0000,52,628.33,18350.18
93,2023-03-20,517,NBL,Nepal Bank Limited,265.0000,265.0000,260.7000,265.0000,28380,7432663.2000,261.9000,350.0000,258.0000,2023-03-20T14:59:15.488036,265.0000,203,261.89,38939.16
94,2023-03-20,695,JSLBB,Janautthan Samudayic Laghubitta Bittya Sanstha Limited,1079.1000,1165.0000,1079.1000,1100.7000,848,938678.2000,1100.0000,2330.0000,1079.1000,2023-03-20T14:57:19.209591,1100.7000,24,1106.93,1628.00
95,2023-03-20,697,API,Api Power Company Ltd.,261.2000,265.0000,260.0000,264.0000,108879,28565257.5000,257.1000,510.0000,200.0000,2023-03-20T14:59:43.839380,264.0000,442,262.35,10911.87
96,2023-03-20,704,NMBMF,NMB  Microfinance Bittiya Sanstha Ltd.,557.0000,569.0000,552.0000,560.0000,2810,1568358.2000,548.0000,991.0000,535.5000,2023-03-20T14:56:11.006608,560.0000,36,558.13,3672.83
97,2023-03-20,2744,GRDBL,Green Development Bank Ltd.,264.9000,265.0000,260.0000,265.0000,3149,824554.8000,261.0000,363.9000,182.0000,2023-03-20T14:57:21.885414,265.0000,38,261.84,1375.35
98,2023-03-20,2773,SAEF,Sanima Equity Fund,10.3200,10.4900,10.2900,10.4900,20120,207223.8000,10.4900,13.8800,9.4600,2023-03-20T12:27:57.570684,10.4900,8,10.29,
99,2023-03-20,2804,SLBSL,Samudayik Laghubitta Bittiya Sanstha Limited,897.0000,914.0000,880.2000,896.0000,313,279715.9000,880.0000,1760.0000,867.0000,2023-03-20T14:58:10.042155,896.0000,15,893.66,1182.72
100,2023-03-20,2829,SMFBS,Swabhimaan Laghubitta Bittiya Sanstha Limited,1000.0000,1000.0000,965.0000,970.0000,1463,1435589.3000,1018.0000,1890.0000,965.0000,2023-03-20T14:59:59.958715,970.0000,55,981.26,1417.54
101,2023-03-20,2841,RHPL,RASUWAGADHI HYDROPOWER COMPANY LIMITED,303.5000,313.0000,303.5000,313.0000,28289,8755435.9000,306.0000,391.6000,210.0000,2023-03-20T14:59:28.603086,313.0000,157,309.49,19274.20
102,2023-03-20,2932,MFLD85,9.5% Manjushree Finance Limited Debenture 2085,836.0000,838.0000,836.0000,838.0000,100,83777.5000,834.0000,940.0000,805.1000,2023-03-20T13:07:45.496517,838.0000,3,837.77,
103,2023-03-20,8027,NBLD85,Nabil Debenture 2085,775.0000,775.0000,775.0000,775.0000,25,19375.0000,770.0000,854.0000,730.0000,2023-03-20T11:57:46.557011,775.0000,1,775.00,
104,2023-03-20,8041,NESDO,NESDO Sambridha Laghubitta Bittiya Sanstha Limited,2423.0000,2423.0000,2340.0000,2359.0000,1854,4373074.0000,2389.9000,3759.0000,747.7000,2023-03-20T14:59:57.844808,2359.0000,88,2358.72,6015.45
105,2023-03-20,8073,NICFC,NIC Asia Flexi CAP Fund,7.6600,7.8800,7.6600,7.8000,2900,22567.0000,7.6800,10.0000,7.3000,2023-03-20T14:48:30.903046,7.8000,19,7.78,
106,2023-03-20,8075,BHDC,Bindhyabasini Hydropower Development Company Limited,432.0000,463.0000,432.0000,461.0000,15070,6839389.6000,440.0000,520.0000,310.0000,2023-03-20T14:59:36.085817,461.0000,257,453.84,4840.50
107,2023-03-20,8100,SGHC,Swet-Ganga Hydropower & Construction Limited ,381.7000,396.0000,381.7000,395.0000,9716,3785308.0000,389.0000,411.6000,202.1000,2023-03-20T14:59:41.104999,395.0000,285,389.59,6292.35
108,2023-03-20,8102,MHL,Mandakini Hydropower Limited,380.0000,389.9000,380.0000,389.9000,971,372962.4000,386.5000,436.0000,237.3000,2023-03-20T14:58:30.266329,389.9000,72,384.10,2292.76
109,2023-03-20,140,MBL,Machhapuchhre Bank Limited,227.0000,227.0000,223.2000,224.0000,25501,5726823.7000,224.0000,305.0000,199.0000,2023-03-20T14:59:55.339337,224.0000,96,224.57,22976.03
110,2023-03-20,145,SBL,Siddhartha Bank Limited,261.0000,262.0000,254.8000,255.0000,50613,13019710.9000,261.0000,414.8000,254.8000,2023-03-20T14:59:57.738303,255.0000,286,257.24,35929.45
111,2023-03-20,187,NLIC,Nepal Life Insurance Co. Ltd.,652.0000,665.0000,650.0000,660.0000,45746,30055129.6000,652.0000,1179.0000,570.0000,2023-03-20T14:59:35.608034,660.0000,302,657.00,54172.58
112,2023-03-20,227,BFC,Best Finance Company Ltd.,331.5000,332.5000,326.0000,332.0000,4145,1370071.0000,326.0000,476.9000,292.5000,2023-03-20T14:59:22.586055,332.0000,33,330.53,2751.99
113,2023-03-20,232,GFCL,Goodwill Finance Limited,458.0000,469.0000,455.0000,469.0000,5199,2396833.5000,455.0000,634.0000,358.0000,2023-03-20T14:59:06.590463,469.0000,40,461.01,4437.28
114,2023-03-20,268,SWBBL,Swabalamban Laghubitta Bittiya Sanstha Limited,780.1000,810.0000,779.1000,795.2000,990,793440.5000,795.0000,1407.0000,779.1000,2023-03-20T14:59:59.119694,795.2000,29,801.45,10262.02
115,2023-03-20,274,EDBL,Excel Development Bank Ltd.,317.5000,322.0000,314.1000,322.0000,4032,1290137.9000,315.9000,495.0000,291.2000,2023-03-20T14:59:45.710348,322.0000,55,319.97,4024.02
116,2023-03-20,371,MDB,Miteri Development Bank Limited,367.0000,368.0000,363.1000,367.8000,2310,846442.0000,361.0000,525.0000,308.0000,2023-03-20T14:58:57.736359,367.8000,24,366.42,3733.18
117,2023-03-20,396,NLBBL,Nerude Laghubitta Bittiya Sanstha Limited,604.0000,604.0000,588.0000,595.0000,1789,1061345.0000,596.0000,1129.0000,588.0000,2023-03-20T14:59:04.972999,595.0000,29,593.26,4355.40
118,2023-03-20,447,GLICL,Gurans Life Insurance Company Ltd.,404.0000,411.5000,398.4000,411.5000,21014,8461589.7000,403.9000,721.0000,394.1000,2023-03-20T14:59:54.172362,411.5000,87,402.66,9215.01
119,2023-03-20,469,NIMBPO,Nepal Investment Mega Bank Ltd. Promoter Share,107.1000,111.3000,107.1000,111.3000,30,3276.0000,105.0000,403.0000,107.1000,2023-03-20T14:58:41.360525,111.3000,3,109.20,
120,2023-03-20,474,MNBBL,Muktinath Bikas Bank Ltd.,390.0000,395.0000,386.3000,395.0000,18355,7155429.3000,387.0000,525.0000,368.0000,2023-03-20T14:59:22.397742,395.0000,175,389.83,25362.56
121,2023-03-20,587,RLFL,Reliance Finance Ltd.,300.0000,308.9000,300.0000,308.0000,5658,1735869.1000,301.0000,451.0000,222.2000,2023-03-20T14:59:58.846390,308.0000,45,306.79,3243.26
122,2023-03-20,686,BARUN,Barun Hydropower Co. Ltd.,260.0000,272.0000,260.0000,271.0000,18306,4868902.5000,263.0000,541.6000,190.3000,2023-03-20T14:59:50.425524,271.0000,107,265.97,1452.06
123,2023-03-20,2893,AIL,Ajod Insurance Limited,461.0000,470.0000,455.1000,465.0000,2831,1311758.5000,453.0000,768.9000,344.0000,2023-03-20T14:58:17.558084,465.0000,64,463.35,4650.00
124,2023-03-20,8022,TPC,Terhathum Power Company Limited,428.8000,450.0000,428.8000,433.3000,882,383510.5000,437.3000,667.0000,303.9000,2023-03-20T14:59:58.193329,433.3000,35,434.81,1733.20
125,2023-03-20,8121,SPHL,Sayapatri Hydropower Limited,459.0000,463.5000,451.0000,460.0000,3323,1519324.0000,458.0000,520.2000,194.8000,2023-03-20T14:59:17.153601,460.0000,67,457.21,414.00
126,2023-03-20,137,EBL,Everest Bank Limited,505.0000,510.0000,505.0000,506.0000,20767,10528556.9000,505.0000,558.9000,411.0000,2023-03-20T14:59:10.513639,506.0000,125,506.98,54132.36
127,2023-03-20,148,TRH,Taragaon Regency Hotel Limited,470.0000,479.4000,467.1000,476.0000,6599,3120342.6000,463.0000,507.0000,302.1000,2023-03-20T14:59:59.122968,476.0000,49,472.85,8980.47
128,2023-03-20,163,NUBL,Nirdhan Utthan Laghubitta Bittiya Sanstha Limited,600.0000,600.0000,590.0000,594.0000,13725,8153457.5000,596.8000,1179.0000,588.0000,2023-03-20T14:59:32.179788,594.0000,171,594.05,15515.75
129,2023-03-20,357,PCBL,Prime Commercial Bank Ltd.,200.0000,203.8000,200.0000,202.6000,15898,3207560.1000,201.9000,327.0000,198.5000,2023-03-20T14:59:58.383562,202.6000,174,201.75,39309.62
130,2023-03-20,397,ADBL,Agricultural Development Bank Limited,258.2000,262.8000,256.1000,258.0000,13799,3565015.9000,258.2000,405.9000,256.1000,2023-03-20T14:59:54.768711,258.0000,175,258.35,34705.32
131,2023-03-20,417,GBBL,Garima Bikas Bank Limited,355.0000,362.0000,355.0000,362.0000,4998,1798506.2000,355.0000,490.0000,318.0000,2023-03-20T14:59:47.252771,362.0000,70,359.84,18734.51
132,2023-03-20,516,MFIL,Manjushree Finance Ltd.,448.0000,454.0000,445.1000,452.8000,12092,5454501.5000,444.8000,659.0000,362.0000,2023-03-20T14:59:51.277325,452.8000,98,451.08,6119.83
133,2023-03-20,559,NLG,NLG Insurance Company Ltd.,649.1000,684.0000,649.0000,672.8000,4591,3075636.0000,660.1000,928.0000,423.0000,2023-03-20T14:59:27.936719,672.8000,36,669.92,8925.46
134,2023-03-20,574,SKBBL,Sana Kisan Bikas Laghubitta Bittiya Sanstha Limited,827.0000,835.0000,826.2000,829.0000,2178,1813229.3000,826.1000,1325.0000,810.0000,2023-03-20T14:59:54.333068,829.0000,49,832.52,16340.93
135,2023-03-20,618,LLBS,Laxmi Laghubitta Bittiya Sanstha Ltd.,711.5000,711.5000,687.1000,709.8000,343,239873.8000,698.6000,1506.0000,687.1000,2023-03-20T14:55:22.379961,709.8000,12,699.34,3134.92
136,2023-03-20,687,VLBS,Vijaya laghubitta Bittiya Sanstha Ltd.,751.0000,784.0000,751.0000,758.1000,1829,1396193.8000,750.0000,1254.0000,740.1000,2023-03-20T14:59:39.873168,758.1000,52,763.36,2425.92
137,2023-03-20,2768,MSLB,Mahuli Laghubitta Bittiya Sanstha Limited,862.0000,894.0000,860.0000,894.0000,1092,951716.0000,875.0000,1499.0000,855.0000,2023-03-20T14:59:43.769511,894.0000,18,871.53,2522.59
138,2023-03-20,2776,RADHI,Radhi Bidyut Company Ltd,262.1000,270.0000,262.1000,268.0000,33484,8956953.9000,262.0000,699.0000,195.3000,2023-03-20T14:59:58.167667,268.0000,216,267.49,4491.63
139,2023-03-20,2811,MHNL,Mountain Hydro Nepal Limited,293.5000,305.7000,293.5000,301.6000,17756,5340353.5000,296.0000,462.0000,212.0000,2023-03-20T14:59:49.098902,301.6000,86,300.76,3770.00
140,2023-03-20,2900,RLI,Reliance Life Insurance Limited,391.1000,402.0000,391.1000,394.0000,4735,1874732.5000,393.1000,626.0000,310.0000,2023-03-20T14:59:58.466173,394.0000,130,395.93,8274.00
141,2023-03-20,2915,PLI,Prabhu Life Insurance Limited,421.0000,444.0000,421.0000,429.0000,5279,2253018.0000,428.0000,651.2000,321.8000,2023-03-20T14:59:47.857951,429.0000,168,426.78,8580.00
142,2023-03-20,8025,SPC,Samling Power Company Limited,497.0000,499.8000,483.2000,494.7000,2770,1361042.0000,488.0000,697.6000,338.2000,2023-03-20T14:46:34.475333,494.7000,46,491.35,2473.50
143,2023-03-20,8076,HHL,Himalayan Hydropower Limited,299.0000,309.0000,299.0000,306.0000,21378,6518054.0000,304.9000,362.1000,202.0000,2023-03-20T14:59:55.918311,306.0000,252,304.89,3350.70
144,2023-03-20,8131,EHPL,Eastern Hydropower Limited,444.0000,460.0000,444.0000,458.6000,3420,1552786.0000,453.0000,508.0000,216.0000,2023-03-20T14:59:41.228111,458.6000,83,454.03,2843.32
145,2023-03-20,8133,PHCL,Peoples Hydropower Company Limited,357.0000,370.0000,357.0000,364.3000,19240,7012641.5000,362.7000,416.1000,196.9000,2023-03-20T14:59:57.098079,364.3000,597,364.48,11657.60
146,2023-03-20,9135,BHPL,Barahi Hydropower Public Limited,521.2000,541.9000,521.2000,525.0000,2650,1400086.0000,521.2000,677.2000,194.3000,2023-03-20T14:59:56.897466,525.0000,83,528.33,1312.50
147,2023-03-20,135,SBI,Nepal SBI Bank Limited,323.0000,323.0000,316.5000,322.0000,47848,15236573.9000,316.9000,365.0000,251.0000,2023-03-20T14:59:55.178284,322.0000,75,318.43,32588.42
148,2023-03-20,177,RBCL,Rastriya Beema Company Limited,12750.0000,12939.9000,12750.0000,12939.9000,50,644639.0000,12750.0000,19401.9000,12215.0000,2023-03-20T14:59:46.084061,12939.9000,5,12892.78,34502.50
149,2023-03-20,179,HEI,Himalayan Everest Insurance Limited,420.0000,421.0000,412.0000,421.0000,9698,4065707.3000,412.3000,703.0000,345.0000,2023-03-20T14:59:58.695704,421.0000,64,419.23,9689.46
150,2023-03-20,204,GUFL,Gurkhas Finance Ltd.,503.0000,519.1000,503.0000,517.9000,6857,3527061.5000,509.5000,715.0000,357.0000,2023-03-20T14:59:42.765887,517.9000,76,514.37,4495.34
151,2023-03-20,236,PFL,Pokhara Finance Ltd.,380.0000,387.0000,377.3000,380.1000,5110,1945958.5000,373.1000,534.0000,290.0000,2023-03-20T14:59:43.820230,380.1000,52,380.81,4114.80
152,2023-03-20,307,NTC,Nepal Doorsanchar Company Limited,828.9000,828.9000,818.0000,822.0000,5523,4534832.9000,817.0000,1555.0000,803.0000,2023-03-20T14:59:57.340700,822.0000,122,821.08,147960.00
153,2023-03-20,682,MMFDB,Mirmire Laghubitta Bittya Sanstha Limited,610.1000,617.1000,604.5000,605.0000,1008,610984.9000,610.0000,1350.0000,604.5000,2023-03-20T13:41:47.747220,605.0000,20,606.13,3952.97
154,2023-03-20,2755,NIBLPF,NIBL Pragati Fund,8.7000,8.7000,8.7000,8.7000,700,6090.0000,8.5400,11.7400,7.7800,2023-03-20T14:11:14.464495,8.7000,3,8.70,
155,2023-03-20,2779,NICGF,NIC Asia Growth Fund,8.8900,8.8900,8.8900,8.8900,200,1778.0000,8.9200,12.1300,8.6700,2023-03-20T12:31:05.286,8.8900,1,8.89,
156,2023-03-20,2784,NADEP,Nadep Laghubittiya bittya Sanstha Ltd.,550.0000,550.0000,534.2000,548.0000,2282,1240889.2000,540.0000,883.1000,534.1000,2023-03-20T14:58:08.677399,548.0000,57,543.77,2661.96
157,2023-03-20,2792,UPPER,Upper Tamakoshi Hydropower Ltd,460.1000,481.0000,460.1000,480.0000,46399,21894321.9000,460.0000,624.9000,354.0000,2023-03-20T14:59:43.816759,480.0000,419,471.87,50832.00
158,2023-03-20,2809,SHIVM,SHIVAM CEMENTS LTD,430.0000,433.0000,424.0000,427.0000,96793,41377502.2000,425.0000,1195.0000,424.0000,2023-03-20T14:59:58.221013,427.0000,549,427.48,18788.00
159,2023-03-20,2908,SGIC,Sanima GIC Insurance Limited,450.2000,463.0000,450.2000,463.0000,3560,1630337.6000,454.0000,665.0000,325.5000,2023-03-20T14:58:30.262391,463.0000,132,457.96,9260.00
160,2023-03-20,4959,NBLD87,8.5% Nepal Bank Debenture 2087,732.0000,746.0000,732.0000,746.0000,50,36950.0000,742.0000,1020.0000,711.0000,2023-03-20T13:55:15.957973,746.0000,2,739.00,
161,2023-03-20,8018,MLBS,Manushi Laghubitta Bittiya Sanstha Limited,863.9000,931.7000,863.9000,895.0000,3682,3349809.4000,847.0000,1460.0000,740.0000,2023-03-20T14:58:35.862608,895.0000,114,909.77,978.91
162,2023-03-20,8023,MMF1,Mega Mutual Fund -1,7.0100,7.1900,7.0100,7.1900,121600,869258.1100,7.0200,9.1000,6.7500,2023-03-20T14:57:21.319435,7.1900,34,7.14,
163,2023-03-20,8044,EBLD86,Everest Bank Limited,772.0000,772.0000,772.0000,772.0000,25,19300.0000,757.0000,1000.0000,725.0000,2023-03-20T14:44:22.225697,772.0000,1,772.00,
164,2023-03-20,133,SCB,Standard Chartered Bank Limited,521.0000,521.0000,513.2000,518.9000,25638,13266845.2000,513.0000,555.0000,375.0000,2023-03-20T14:59:59.352062,518.9000,168,517.46,48929.44
165,2023-03-20,152,NHPC,National Hydro Power Company Limited,245.0000,248.0000,245.0000,247.1000,35845,8834763.5000,243.0000,334.5000,176.4000,2023-03-20T14:59:48.764269,247.1000,187,246.47,4056.87
166,2023-03-20,155,STC,Salt Trading Corporation,3899.0000,4045.0000,3823.5000,4000.0000,920,3595673.2000,3839.0000,5624.0000,2870.0000,2023-03-20T14:59:42.275608,4000.0000,33,3908.34,11155.37
167,2023-03-20,183,NIL,Neco Insurance Limited,769.0000,774.5000,760.1000,774.5000,5163,3961449.0000,767.0000,1076.0000,601.0000,2023-03-20T14:59:14.831847,774.5000,62,767.27,15585.73
168,2023-03-20,244,SIFC,Shree Investment Finance Co. Ltd.,326.0000,330.0000,322.1000,330.0000,6266,2040485.6000,324.0000,443.0000,236.3000,2023-03-20T14:59:29.754533,330.0000,40,325.64,3239.55
169,2023-03-20,245,CFCL,Central Finance Co. Ltd.,319.0000,322.0000,315.0000,321.0000,1571,500532.6000,314.5000,462.9000,237.0000,2023-03-20T14:59:45.779741,321.0000,37,318.60,3045.89
170,2023-03-20,471,MPFL,Multipurpose Finance Company  Limited,320.3000,338.1000,320.3000,335.7000,3969,1326939.8000,325.0000,413.4000,206.1000,2023-03-20T14:59:59.202333,335.7000,42,334.32,1517.36
171,2023-03-20,502,SMFDB,Summit Laghubitta Bittiya Sanstha Limited,951.0000,951.0000,923.2000,926.3000,1148,1067959.9000,951.0000,1443.0000,749.0000,2023-03-20T14:55:26.834124,926.3000,19,930.27,4575.92
172,2023-03-20,593,KMCDB,Kalika Laghubitta Bittiya Sanstha Ltd,785.0000,809.0000,770.0000,791.0000,4782,3737941.4000,784.0000,1359.0000,761.0000,2023-03-20T14:59:25.774482,791.0000,87,781.66,2474.85
173,2023-03-20,2806,GHL,Ghalemdi Hydro Limited,274.0000,276.9000,267.0000,276.5000,55727,15291187.5000,271.0000,341.0000,164.2000,2023-03-20T14:59:35.811580,276.5000,190,274.39,1520.75
174,2023-03-20,2810,UPCL,UNIVERSAL POWER COMPANY LTD,255.5000,262.0000,254.1000,260.0000,87930,22704241.0000,254.0000,340.0000,175.9000,2023-03-20T14:59:59.582304,260.0000,387,258.20,5460.91
175,2023-03-20,2832,ILBS,Infinity Laghubitta Bittiya Sanstha Limited,645.0000,645.0000,620.0000,632.4000,1846,1157318.8000,635.0000,1220.0000,617.0000,2023-03-20T14:50:36.669595,632.4000,34,626.93,3145.66
176,2023-03-20,2859,SIGS2,Siddhartha Investment Growth Scheme - 2,7.8400,8.0000,7.8400,7.8700,30600,240878.0000,7.9100,11.3600,7.5900,2023-03-20T14:56:25.382847,7.8700,12,7.87,
177,2023-03-20,2867,NMB50,NMB 50,9.1000,9.1000,8.9300,8.9300,13650,122469.5000,8.9300,13.5300,8.2800,2023-03-20T14:31:11.171149,8.9300,10,8.97,
178,2023-03-20,2880,HDHPC,Himal Dolakha Hydropower Company Limited,228.0000,231.9000,226.0000,230.0000,62328,14264641.0000,224.6000,319.0000,161.0000,2023-03-20T14:59:47.388138,230.0000,236,228.86,3680.00
179,2023-03-20,2885,KBLD86,10.25% KBL Debenture 2086,867.0000,867.0000,867.0000,867.0000,60,52020.0000,850.0000,1009.5000,837.1000,2023-03-20T14:59:27.732518,867.0000,1,867.00,
180,2023-03-20,2935,RURU,Ru Ru Jalbidhyut Pariyojana Limited,789.0000,800.0000,787.0000,788.0000,493,392241.0000,790.0000,1133.8000,665.1000,2023-03-20T14:37:08.509936,788.0000,18,795.62,3887.39
181,2023-03-20,4947,PSF,Prabhu Select Fund,7.7900,7.9700,7.7900,7.8500,5800,45526.4000,7.7500,9.8300,7.3100,2023-03-20T14:55:45.741188,7.8500,15,7.84,
182,2023-03-20,4956,ULI,Union Life Insurance Company Limited,402.3000,413.0000,402.2000,413.0000,7137,2928128.0000,408.2000,746.0000,397.1000,2023-03-20T14:59:57.939995,413.0000,287,410.27,9675.99
183,2023-03-20,8033,GBBD85,Garima Debenture", 2085,790.0000,790.0000,790.0000,790.0000,25,19750.0000,800.0000,1000.0000,722.5000,2023-03-20T13:15:38.188136,790.0000,1,790.00,
184,2023-03-20,8038,JALPA,Jalpa Samudayik Laghubitta Bittiya Sanstha Limited,2350.0000,2363.0000,2331.0000,2363.0000,674,1584012.5000,2349.0000,3770.0000,319.7000,2023-03-20T14:59:54.147416,2363.0000,32,2350.16,3780.80
185,2023-03-20,8055,BHL,Balephi Hydropower Limited,329.3000,336.0000,329.3000,332.9000,2910,970487.0000,335.0000,397.0000,104.7000,2023-03-20T14:59:41.658449,332.9000,108,333.50,6085.31
186,2023-03-20,8104,USHEC,Upper Solu Hydro Electric Company Limited,345.3000,362.0000,345.3000,361.0000,4226,1501736.2000,351.0000,431.9000,237.0000,2023-03-20T14:59:59.942828,361.0000,196,355.35,4873.50
187,2023-03-20,9139,SAGF,Sanima Growth Fund,8.7500,8.7500,8.3300,8.3700,8275,71514.9000,8.7600,10.0000,8.3300,2023-03-20T14:48:43.581128,8.3700,29,8.64,
188,2023-03-20,171,SANIMA,Sanima Bank Limited,243.0000,243.9000,239.4000,243.5000,24078,5812772.4000,239.0000,340.0000,222.0000,2023-03-20T14:59:54.903016,243.5000,179,241.41,30340.38
189,2023-03-20,178,NLICL,National Life Insurance Co. Ltd.,565.0000,565.0000,557.0000,565.0000,16599,9302398.0000,557.9000,940.0000,492.0000,2023-03-20T14:59:14.347796,565.0000,97,560.41,26218.44
190,2023-03-20,213,BNT,Bottlers Nepal (Terai) Limited,12700.0000,12700.0000,12700.0000,12700.0000,10,127000.0000,12744.0000,15371.3000,11396.0000,2023-03-20T12:42:44.128878,12700.0000,1,12700.00,15367.00
191,2023-03-20,391,NMBPO,NMB Bank Limited Promoter Share,131.4000,131.4000,131.4000,131.4000,63500,8343900.0000,134.0000,245.0000,131.4000,2023-03-20T13:24:55.299162,131.4000,1,131.40,
192,2023-03-20,700,HEIP,Himalayan Everest Insurance Limited Promoter,270.0000,291.7000,270.0000,291.7000,1708,484887.2000,275.4000,367.4000,214.2000,2023-03-20T14:43:01.557812,291.7000,11,283.89,
193,2023-03-20,706,SWMF,Suryodaya Womi Laghubitta Bittiya Sanstha Limited,681.2000,689.0000,678.0000,688.0000,1733,1181686.9000,680.1000,1373.4000,666.0000,2023-03-20T14:59:36.707217,688.0000,34,681.87,5448.86
194,2023-03-20,2743,NGPL,Ngadi Group Power Ltd.,280.0000,282.0000,276.0000,280.0000,57839,16196110.9000,276.0000,694.0000,185.2000,2023-03-20T14:59:54.905089,280.0000,277,280.02,5183.58
195,2023-03-20,2746,NMFBS,National Microfinance Laghubitta Bittiya Sanstha Limited,1700.0000,1720.0000,1690.2000,1690.2000,1892,3233647.8000,1700.0000,2580.0000,1690.2000,2023-03-20T14:59:50.299372,1690.2000,71,1709.11,9915.98
196,2023-03-20,2758,FOWAD,Forward Microfinance Laghubitta Bittiya Sanstha Limited,1283.9000,1291.0000,1265.0000,1281.0000,2618,3339399.6000,1260.0000,2950.0000,1260.0000,2023-03-20T14:57:52.074744,1281.0000,64,1275.55,13521.77
197,2023-03-20,2767,HPPL,Himalayan Power Partner Ltd.,305.8000,312.0000,298.0000,312.0000,5458,1672604.0000,300.5000,476.0000,217.6000,2023-03-20T14:59:58.801494,312.0000,52,306.44,3324.10
198,2023-03-20,2774,USLB,Unnati Sahakarya Laghubitta Bittiya Sanstha Limited,711.0000,739.0000,711.0000,739.0000,217,157791.0000,723.3000,1490.0000,711.0000,2023-03-20T14:55:35.874893,739.0000,9,727.14,1692.46
199,2023-03-20,2934,SHEL,Singati Hydro Energy Limited,318.0000,326.0000,313.6000,324.2000,10855,3492573.6000,318.0000,451.0000,206.1000,2023-03-20T14:59:53.281169,324.2000,132,321.74,4700.90
200,2023-03-20,8024,NBF3,Nabil Balanced Fund-3,7.3000,7.4500,7.3000,7.4500,9552,70372.8500,7.4000,9.4800,7.0800,2023-03-20T14:54:52.075332,7.4500,20,7.36,
201,2023-03-20,8034,ENL,Emerging Nepal Limited,658.7000,683.0000,652.0000,683.0000,1105,724484.0000,672.1000,1481.9000,530.1000,2023-03-20T14:59:58.599163,683.0000,20,655.64,3794.75
202,2023-03-20,8043,CBLD88,Civil Bank Debenture 2088,841.7000,841.7000,830.2000,830.2000,90,74895.5000,825.2000,1000.0000,813.0000,2023-03-20T13:29:45.474379,830.2000,4,832.17,
203,2023-03-20,8097,PBD88,10% Prime Debenture 2088,805.0000,805.0000,805.0000,805.0000,25,20125.0000,805.0000,1000.0000,790.1000,2023-03-20T11:37:22.441707,805.0000,1,805.00,
204,2023-03-20,147,SHL,Soaltee Hotel Limited,222.5000,226.0000,222.1000,226.0000,21899,4927606.5000,221.6000,252.6000,186.7000,2023-03-20T14:59:47.941636,226.0000,58,225.01,19994.56
205,2023-03-20,156,BBC,Bishal Bazar Company Limited,3275.0000,3380.0000,3275.0000,3328.0000,345,1146511.0000,3326.0000,4550.0000,3083.0000,2023-03-20T14:59:20.874095,3328.0000,18,3323.22,1635.38
206,2023-03-20,192,SICL,Shikhar Insurance Co. Ltd.,755.0000,760.0000,744.0000,757.0000,7411,5579130.5000,750.0000,1428.0000,690.1000,2023-03-20T14:59:02.577796,757.0000,80,752.81,20074.54
207,2023-03-20,210,CIT,Citizen Investment Trust,2026.1000,2070.0000,2026.1000,2065.0000,10203,20960758.7000,2026.0000,3297.0000,1780.0000,2023-03-20T14:59:29.788416,2065.0000,250,2054.37,87783.16
208,2023-03-20,219,UNL,Unilever Nepal Limited,20210.0000,20500.0000,20210.0000,20500.0000,166,3377010.0000,20210.0000,22000.0000,16556.7000,2023-03-20T13:54:52.050625,20500.0000,12,20343.43,18874.35
209,2023-03-20,256,SFCL,Samriddhi Finance Company Limited,297.9000,297.9000,292.0000,297.0000,11094,3272366.5000,294.0000,375.0000,179.4000,2023-03-20T14:57:25.637494,297.0000,65,294.96,2432.17
210,2023-03-20,273,ICFC,ICFC Finance Limited,433.8000,435.0000,428.0000,433.0000,7496,3231474.9000,427.0000,665.0000,363.0000,2023-03-20T14:59:51.157370,433.0000,95,431.09,5124.43
211,2023-03-20,575,RMDC,RMDC Laghubitta Bittiya Sanstha Ltd.,699.0000,709.0000,699.0000,709.0000,2193,1545045.2000,699.0000,1182.0000,690.0000,2023-03-20T14:59:19.866001,709.0000,51,704.53,11086.94
212,2023-03-20,634,RBCLPO,Rastriya Beema Company Limited Promoter Share,11214.0000,11438.0000,11214.0000,11438.0000,40,455270.0000,11442.3000,18588.0000,9663.0000,2023-03-20T11:35:56.085924,11438.0000,4,11381.75,
213,2023-03-20,693,CLBSL,Civil Laghubitta Bittiya Sanstha Ltd.,624.0000,635.0000,620.0000,620.0000,253,158237.1000,612.0000,1018.0000,592.0000,2023-03-20T14:55:48.896021,620.0000,19,625.44,1982.87
214,2023-03-20,2751,KKHC,Khanikhola Hydropower Co. Ltd.,249.9000,251.0000,248.0000,251.0000,7701,1916263.8000,247.0000,318.0000,163.8000,2023-03-20T14:59:38.744809,251.0000,46,248.83,1168.94
215,2023-03-20,2752,NMBHF1,NMB Hybrid Fund L-1,9.6500,9.6500,9.6500,9.6500,4000,38600.0000,9.6100,12.2500,8.7900,2023-03-20T13:15:40.312637,9.6500,3,9.65,
216,2023-03-20,2754,DHPL,Dibyashwori Hydropower Ltd.,234.4000,234.4000,227.5000,230.0000,4580,1048325.5000,229.9000,327.0000,160.1000,2023-03-20T14:58:04.979083,230.0000,32,228.89,607.20
217,2023-03-20,2761,SMATA,Samata Gharelu Laghubitta Bittiya Sanstha Limited,624.0000,624.0000,606.1000,622.9000,48,29664.4000,618.0000,1125.0000,598.0000,2023-03-20T14:59:47.846266,622.9000,4,618.00,2455.20
218,2023-03-20,2769,NHDL,Nepal Hydro Developers Ltd.,402.0000,419.0000,392.1000,417.9000,14560,6015479.4000,408.0000,533.0000,294.0000,2023-03-20T14:59:28.684292,417.9000,100,413.15,1403.84
219,2023-03-20,2787,KPCL,Kalika power Company Ltd,385.0000,407.6000,384.0000,399.0000,2678,1044132.7000,385.0000,527.0000,289.0000,2023-03-20T14:59:56.012514,399.0000,42,389.89,3166.07
220,2023-03-20,2831,UNHPL,Union Hydropower Limited,239.7000,242.0000,233.1000,240.0000,13509,3236476.5000,235.0000,367.0000,165.1000,2023-03-20T14:59:54.910492,240.0000,89,239.57,1800.00
221,2023-03-20,2843,SABSL,Sabaiko Laghubitta Bittiya Sanstha Limited,625.0000,635.0000,624.0000,624.0000,433,271439.0000,624.0000,1390.0000,624.0000,2023-03-20T14:59:36.232225,624.0000,17,626.87,1988.06
222,2023-03-20,2863,NICBF,NIC Asia Balanced Fund,8.3000,8.3100,8.3000,8.3100,3500,29064.0000,8.3700,11.3600,8.0400,2023-03-20T14:29:55.599295,8.3100,6,8.30,
223,2023-03-20,2881,NRIC,Nepal Reinsurance Company Limited,738.9000,783.3000,726.2000,759.9000,37584,28087474.1000,726.1000,1232.7000,565.0000,2023-03-20T14:59:58.108692,759.9000,410,747.32,92954.77
224,2023-03-20,2914,UMRH,United IDI Mardi RB Hydropower Limited.,510.0000,520.0000,496.3000,520.0000,3247,1653187.5000,505.0000,1150.0000,390.0000,2023-03-20T14:59:47.100149,520.0000,43,509.14,2184.00
225,2023-03-20,2937,SBCF,Sunrise Bluechip Fund,7.1500,7.2000,7.1500,7.1700,4300,30881.0000,7.1600,8.9900,6.8500,2023-03-20T14:52:47.086048,7.1700,6,7.18,
226,2023-03-20,4949,NIBSF2,NIBL Samriddhi Fund -2,7.5000,7.6000,7.5000,7.6000,17615,133819.0000,7.5000,9.4900,6.7400,2023-03-20T14:51:19.745496,7.6000,12,7.59,
227,2023-03-20,4967,NICSF,NIC Asia Select Fund 30,7.6500,7.7100,7.6500,7.7100,1000428,7683351.7300,7.7100,9.4200,7.4000,2023-03-20T14:33:30.803395,7.7100,7,7.68,
228,2023-03-20,8032,BNHC,Buddha Bhumi Nepal Hydropower Company Limited,411.0000,424.0000,411.0000,424.0000,2006,840738.0000,415.0000,702.7000,306.0000,2023-03-20T14:59:55.012947,424.0000,55,419.11,1696.00
229,2023-03-20,8066,RFPL,River Falls Power Limited,298.0000,303.0000,293.2000,299.0000,3370,1010837.0000,298.0000,325.0000,200.0000,2023-03-20T14:59:57.944594,299.0000,216,299.95,2093.00
230,2023-03-20,8074,KDBY,Kumari Dhanabriddhi Yojana,7.8500,8.0500,7.8500,7.9000,900,7120.0000,7.9100,10.4300,7.4600,2023-03-20T14:48:12.852254,7.9000,8,7.91,
231,2023-03-20,8117,AVYAN,Aviyan Laghubitta Bittiya Sanstha Limited,635.8000,661.6000,623.1000,650.5000,2803,1792220.0000,648.7000,963.0000,316.0000,2023-03-20T14:59:57.593066,650.5000,116,639.39,1626.25
232,2023-03-20,141,LBL,Laxmi Bank Limited,182.0000,183.0000,180.0000,182.5000,16889,3056132.5000,180.0000,272.0000,179.6000,2023-03-20T14:57:42.868172,182.5000,86,180.95,21081.20
233,2023-03-20,149,OHL,Oriental Hotels Limited,544.0000,544.0000,530.0000,540.0000,4634,2485579.5000,536.0000,602.6000,413.8000,2023-03-20T14:59:59.121401,540.0000,32,536.37,6091.69
234,2023-03-20,186,IGI,IME General Insurance Ltd.,400.2000,409.9000,385.0000,394.0000,195904,76392442.9000,406.2000,740.0000,333.2000,2023-03-20T14:59:54.061075,394.0000,621,389.94,7106.78
235,2023-03-20,188,LICN,Life Insurance Corporation (Nepal) Limited,1378.0000,1378.0000,1360.0000,1360.0000,3834,5222216.8000,1361.0000,2274.0000,1065.0000,2023-03-20T14:59:55.078096,1360.0000,49,1362.08,36083.52
236,2023-03-20,250,JFL,Janaki Finance Company Limited,386.0000,388.0000,378.2000,386.0000,6417,2452322.0000,380.0000,535.0000,305.0000,2023-03-20T14:59:57.316934,386.0000,54,382.16,2665.23
237,2023-03-20,255,PRVU,Prabhu  Bank Limited,178.2000,180.3000,176.4000,179.0000,52352,9330874.5000,178.1000,309.0000,176.4000,2023-03-20T14:59:21.631410,179.0000,342,178.23,42141.06
238,2023-03-20,418,JBBL,Jyoti Bikas Bank Limited,274.0000,279.9000,274.0000,279.9000,15731,4368136.6000,274.0000,434.0000,248.0000,2023-03-20T14:58:01.159876,279.9000,106,277.67,12303.81
239,2023-03-20,459,KSBBL,Kamana Sewa Bikas Bank Limited,317.0000,318.9000,312.0000,316.0000,6480,2044298.5000,313.1000,515.0000,292.0000,2023-03-20T14:59:14.867510,316.0000,63,315.47,9930.54
240,2023-03-20,472,SADBL,Shangrila Development Bank Ltd.,297.0000,308.7000,297.0000,303.0000,12574,3790520.7000,297.1000,422.9000,245.0000,2023-03-20T14:59:52.805499,303.0000,90,301.45,9900.83
241,2023-03-20,1740,GIMES1,Global IME Samunnat Scheme-1,9.4400,9.4900,9.2000,9.4900,47780,443353.0000,9.3200,12.0700,8.0800,2023-03-20T14:46:54.828724,9.4900,18,9.27,
242,2023-03-20,2757,AKPL,Arun Kabeli Power Ltd.,404.0000,415.0000,404.0000,413.0000,82605,33779947.7000,407.0000,530.0000,325.0000,2023-03-20T14:59:48.540939,413.0000,276,408.93,8428.22
243,2023-03-20,2765,LEMF,Laxmi Equity Fund,8.6500,8.6500,8.4800,8.4800,9000,77702.0000,8.8200,10.9100,7.2400,2023-03-20T14:36:46.901680,8.4800,5,8.63,
244,2023-03-20,2790,ACLBSL,Aarambha Chautari Laghubitta Bittiya Sanstha Limited,575.0000,589.0000,572.0000,587.8000,1279,741871.5000,585.0000,1407.0000,572.0000,2023-03-20T14:59:55.476233,587.8000,43,580.04,2158.07
245,2023-03-20,2807,ALBSL,Asha Laghubitta Bittiya Sanstha Ltd,721.0000,721.0000,700.0000,715.0000,583,410208.0000,707.0000,1467.0000,699.0000,2023-03-20T14:54:13.442483,715.0000,25,703.61,2728.55
246,2023-03-20,2826,GLBSL,Gurans Laghubitta Bittiya Sanstha Limited,665.0000,690.0000,665.0000,690.0000,110,74260.0000,665.0000,1360.0000,664.0000,2023-03-20T14:59:30.584779,690.0000,7,675.09,699.66
247,2023-03-20,2877,SFMF,Sunrise First Mutual Fund,9.8300,9.8300,9.7000,9.7000,16500,160269.0000,9.6500,12.0500,8.5300,2023-03-20T13:41:20.046079,9.7000,4,9.71,
248,2023-03-20,2887,NICLBSL,NIC ASIA Laghubitta Bittiya Sanstha Limited,560.0000,576.0000,560.0000,571.0000,2908,1659231.6000,568.9000,1100.0000,560.0000,2023-03-20T14:59:56.585876,571.0000,86,570.57,9932.20
249,2023-03-20,3946,CHDC,CEDB Hydropower Development Company Limited,707.2000,735.0000,707.2000,730.3000,2575,1881542.5000,720.0000,925.0000,590.0000,2023-03-20T14:59:47.759454,730.3000,82,730.69,6130.21
250,2023-03-20,8026,NYADI,Nyadi Hydropower Limited,325.1000,352.6000,325.1000,352.6000,3445,1146571.8000,327.3000,498.6000,241.0000,2023-03-20T14:59:57.094966,352.6000,110,332.82,5289.00
251,2023-03-20,8031,MBJC,Madhya Bhotekoshi Jalavidyut Company Limited,310.0000,327.0000,307.5000,326.0000,39353,12661052.8000,312.1000,412.0000,193.3000,2023-03-20T14:59:36.165190,326.0000,623,321.73,19560.00
252,2023-03-20,8045,GVL,Green Ventures Limited,454.9000,454.9000,441.1000,453.9000,24248,10879304.0000,464.1000,511.0000,255.1000,2023-03-20T14:59:59.128604,453.9000,270,448.66,14184.38
253,2023-03-20,8070,DORDI,Dordi Khola Jal Bidyut Company Limited,310.0000,320.2000,310.0000,320.2000,4229,1339397.2000,315.0000,408.0000,217.0000,2023-03-20T14:59:57.841119,320.2000,199,316.71,3375.74
254,2023-03-20,8099,UHEWA,Upper Hewakhola Hydropower Company Limited,417.1000,432.4000,417.1000,432.1000,2060,878835.0000,424.0000,481.0000,130.2000,2023-03-20T14:59:56.784707,432.1000,124,426.61,2160.50
255,2023-03-20,8111,HIDCLP,Hydorelectricity Investment and Development Company Limited Promoter,102.0000,103.0000,100.5000,102.0000,65689,6671047.2000,101.5000,126.4000,95.0000,2023-03-20T14:59:56.931918,102.0000,85,101.55,
256,2023-03-20,9140,UNLB,Unique Nepal Laghubitta Bittiya Sanstha Limited,1799.8000,1941.0000,1799.8000,1941.0000,621,1201176.5000,1764.6000,1941.0000,989.4000,2023-03-20T14:41:24.244268,1941.0000,42,1934.26,2147.38
257,2023-03-20,9146,SMHL,Super Madi Hydropower Limited,395.0000,405.2000,392.1000,401.0000,26018,10381215.5000,399.0000,406.8000,299.0000,2023-03-20T14:59:55.076075,401.0000,1295,399.00,8421.00
258,2023-03-20,8132,SHLB,Shrijanshil Laghubitta Bittiya Sanstha Limited,1390.0000,1409.0000,1375.5000,1380.0000,548,762357.0000,1390.0000,2485.2000,906.0000,2023-03-20T14:59:50.405036,1380.0000,36,1391.16,1509.38
